Load Time (s),Voltage (V),Resistance (ohms),Current (Amps),Absolute time (s)
60.0,3.98014,0.012462,2.45,62.2
120.0,4.02723,0.012459,2.45,124.4
180.0,3.97794,0.012437,2.45,186.6
240.0,3.95929,0.012392,2.45,248.8
300.0,3.9455,0.01235,2.45,311.0
