Load Time (s)	Voltage (V)	Resistance (ohms)	Current (Amps)	Absolute time (s)
60	4.02199	0.01188	2.45	62.2
120	4.05832	0.011883	2.45	124.4
180	4.02143	0.011902	2.45	186.6
240	4.00874	0.011877	2.45	248.8
300	3.99913	0.01185	2.45	311
