Load Time (s),Voltage (V),Resistance (ohms),Current (Amps),Absolute time (s)
30.0,2.97382,0.01328,2.45,32.2
60.0,3.02475,0.013285,2.45,64.4
90.0,2.9356,0.013307,2.45,96.6
120.0,2.89246,0.013302,2.45,128.8
150.0,2.8656,0.013297,2.45,161.0
180.0,2.83503,0.013289,2.45,193.2
210.0,2.80336,0.013276,2.45,225.4
240.0,2.76689,0.013274,2.45,257.6
270.0,2.7244,0.013267,2.45,289.8
