Load Time (s)	Voltage (V)	Resistance (ohms)	Current (Amps)	Absolute time (s)
60	4.03568	0.011759	2.45	62.2
120	4.07099	0.011762	2.45	124.4
180	4.04407	0.011791	2.45	186.6
240	4.03552	0.011781	2.45	248.8
300	4.03	0.01177	2.45	311
